[{"username":"","email":"","password":"","gender":null},{"username":"elseif","email":"elseif@yahoo.com","password":"elseif","gender":"male"},{"username":"test","email":"test@Yahoo.com","password":"test","gender":"male"},{"username":"123@yahoo.com","email":"123@yahoo.com","password":"123@yahoo.com","gender":"male"},{"username":"222","email":"222@yahoo.com","password":"222@yahoo.com","gender":"male"},{"username":"mohammed","email":"mmoustafa456@yahoo.com","password":"GFz847115560","gender":"male"}]